theta_true,n,mean_theta_hat,bias,var_asymp_theo,var_asymp_est,var_simulacji
0.5,20,0.526,0.026,0.012,0.012,0.015
0.5,50,0.51,0.01,0.005,0.005,0.005
0.5,100,0.504,0.004,0.002,0.002,0.003
1.0,20,1.05,0.05,0.05,0.047,0.061
1.0,50,1.019,0.019,0.02,0.02,0.021
1.0,100,1.009,0.009,0.01,0.01,0.011
2.0,20,2.111,0.111,0.2,0.191,0.247
2.0,50,2.044,0.044,0.08,0.079,0.088
2.0,100,2.015,0.015,0.04,0.039,0.041
5.0,20,5.247,0.247,1.25,1.188,1.48
5.0,50,5.109,0.109,0.5,0.492,0.545
5.0,100,5.052,0.052,0.25,0.248,0.259
